task	contrast	positive label	negative label	pretty name	tags
archi_standard	left-right_button_press	left hand	right hand	Left vs right hand button press	['response_selection', 'response_execution', 'left_finger_response_execution']
archi_standard	reading-listening	listen to sentence	read sentence	Listening to sentence vs reading a sentence	['visual_word_recognition', 'sentence_processing']
archi_standard	motor-cognitive	button presses	cognitive tasks	Button presses vs narrative/computation	['response_selection', 'response_execution', 'right_finger_response_execution']
archi_standard	reading-checkerboard	read sentence	checkerboard	Read sentence vs checkerboard	['visual_word_recognition', 'sentence_processing']
archi_standard	computation-sentences	mental subtraction	sentence	Mental subtraction vs sentence reading	['visual_arithmetic_processing', 'sentence_processing']
archi_standard	horizontal-vertical	hor. checkerboard	vert. checkerboard	Horizontal vs vertical checkerboard	['horizontal_checkerboard']
archi_standard	audio_left_button_press	audio left button press	fixation	left hand button presses upon audio instructions	['auditory_sentence_recognition', 'response_selection', 'response_execution', 'left_finger_response_execution']
archi_standard	audio_right_button_press	audio right button press	fixation	right hand button presses upon audio instructions	['auditory_sentence_recognition', 'response_selection', 'response_execution', 'right_finger_response_execution']
archi_standard	video_left_button_press	video left button press	fixation	left hand button presses upon video instructions	['response_selection', 'response_execution', 'left_finger_response_execution']
archi_standard	video_right_button_press	video right button press	fixation	right hand button presses upon video instructions	['response_selection', 'response_execution', 'right_finger_response_execution']
archi_standard	right-left_button_press	right hand	left hand	Right vs left hand button press	['response_selection', 'response_execution', 'right_finger_response_execution']
archi_standard	listening-reading	read sentence	listen to sentence	reading a sentence vs listening to a sentence	['auditory_sentence_recognition']
archi_standard	cognitive-motor	read and calculate	move hands	Narrative/computation vs button presses	['auditory_sentence_recognition']
archi_standard	vertical-horizontal	vert. checkerboard	hor. checkerboard	vertical vs horizontal checkerboard	['vertical_checkerboard']
archi_standard	horizontal_checkerboard	hor. checkerboard	fixation	Watch horizontal checkerboard	['horizontal_checkerboard']
archi_standard	vertical_checkerboard	vert. checkerboard	fixation	Watch vertical checkerboard	['vertical_checkerboard']
archi_standard	audio_sentence	listen to sentence	fixation	Listen to narrative sentence	['auditory_sentence_recognition']
archi_standard	video_sentence	read sentence	fixation	Read narrative sentence	['visual_word_recognition', 'sentence_processing']
archi_standard	audio_computation	listen then calculate	fixation	Mental subtraction upon audio instruction	['auditory_arithmetic_processing']
archi_standard	video_computation	read then calculate	fixation	Mental subtraction upon video instruction	['visual_arithmetic_processing', 'sentence_processing']
archi_standard	sentences	read or listen	fixation	Read or listen to sentences	['visual_word_recognition', 'sentence_processing']
archi_standard	computation	mental subtraction	fixation	Mental subtraction	['visual_arithmetic_processing', 'sentence_processing']
archi_standard	sentences-computation	sentence	mental subtraction	Sentence reading vs mental subtraction 	['visual_word_recognition', 'sentence_processing']
archi_spatial	saccades	saccades	fixation	Saccades versus fixation	['visual_tracking']
archi_spatial	hand-side	guess which hand	hand palm or back	Left or right hand vs hand palm or back	['visual_body_recognition', 'response_selection', 'hand_side_recognition']
archi_spatial	grasp-orientation	object grasping	mimic orientation	Object grasping vs orientation reporting	['visual_tool_recognition', 'response_selection', 'response_execution', 'right_finger_response_execution', 'grasping']
archi_spatial	rotation_side	hand palm or back	fixation	Hand palm or back vs fixation	['visual_body_recognition', 'response_selection', 'hand_side_recognition']
archi_spatial	object_orientation	mimic orientation	fixation	Image orientation reporting	['visual_tool_recognition', 'response_selection', 'response_execution', 'right_finger_response_execution']
archi_spatial	rotation_hand	guess which hand	fixation	Left or right hand	['visual_body_recognition', 'response_selection', 'hand_chirality_recognition']
archi_spatial	object_grasp	object grasping	fixation	Object grasping	['visual_tool_recognition', 'response_selection', 'response_execution', 'right_finger_response_execution', 'grasping']
archi_social	triangle_mental-random	mental motion	random motion	Mental motion vs random motion	['animacy_perception', 'animacy_decision', 'motion_detection']
archi_social	false_belief-mechanistic_audio	false-belief tale	mechanistic tale	False-belief tale vs mechanistic tale	['auditory_sentence_recognition', 'story_comprehension', 'theory-of-mind']
archi_social	triangle_random	random motion	fixation	Randomly drifting triangle	['motion_detection']
archi_social	mechanistic_audio	mechanistic tale	fixation	Listening to a mechanistic tale	['auditory_sentence_recognition', 'story_comprehension']
archi_social	mechanistic_video	mechanistic story	fixation	Reading a mechanistic story	['visual_word_recognition', 'sentence_processing']
archi_social	non_speech_sound	natural sound	silence	Listen to natural sound	['sounds_perception']
archi_social	false_belief-mechanistic_video	false-belief story	mechanistic story	False-belief story vs mechanistic story	['visual_word_recognition', 'sentence_processing', 'theory-of-mind']
archi_social	false_belief-mechanistic	false-belief plot	mechanistic plot	False-belief story vs mechanistic story or tale	['visual_word_recognition', 'sentence_processing', 'theory-of-mind']
archi_social	speech-non_speech	voice sound	natural sound	Listen to voice sound vs natural sound	['voice_perception']
archi_social	triangle_mental	mental motion	fixation	Mental motion of triangle	['animacy_perception', 'animacy_decision', 'motion_detection']
archi_social	false_belief_audio	false-belief tale	fixation	False-belief tale 	['auditory_sentence_recognition', 'story_comprehension', 'theory-of-mind']
archi_social	false_belief_video	false-belief tale	fixation	False-belief story 	['visual_word_recognition', 'sentence_processing', 'theory-of-mind']
archi_social	speech_sound	voice sound	silence	Listen to voice sound	['voice_perception']
archi_emotional	expression_gender-control	expression gender	scrambled image	Guess the gender from eyes image vs view scrambled image	['emotion_expression_identification', 'gender_discrimination']
archi_emotional	expression_intention-gender	expression intention	expression gender	Guess intention vs gender from eyes image	['emotion_expression_identification', 'facial_trustworthiness_recognition']
archi_emotional	face_gender-control	face gender	scrambled image	Guess the gender from face image	['visual_face_recognition', 'gender_discrimination']
archi_emotional	face_trusty-gender	face trusty	face gender	Assess face trustfulness vs gender	['visual_face_recognition', 'facial_trustworthiness_recognition']
archi_emotional	face_gender	expression gender	fixation	Guess the gender from face image	['visual_face_recognition', 'gender_discrimination']
archi_emotional	face_control	scrambled image	fixation	Look at scrambled image	['visual_face_recognition']
archi_emotional	face_trusty	face trusty	fixation	Assess face trustfulness	['visual_face_recognition', 'facial_trustworthiness_recognition']
archi_emotional	expression_intention	expression intention	fixation	Guess intention from eyes image	['emotion_expression_identification', 'facial_trustworthiness_recognition']
archi_emotional	expression_gender	expression gender	fixation	Guess gender from eyes image	['emotion_expression_identification', 'gender_discrimination']
archi_emotional	expression_control	scrambled image	fixation	Look at scrambled eyes image	['emotion_expression_identification']
archi_emotional	trusty_and_intention-control	face/expression trusty	scrambled image	Assess face trustfulness or guess expression intention vs scrambled image	['visual_face_recognition', 'facial_trustworthiness_recognition']
archi_emotional	trusty_and_intention-gender	face/expression trusty	face/expression gender	Assess face trustfulness or guess expression intention, vs guess the gender	['visual_face_recognition', 'facial_trustworthiness_recognition']
archi_emotional	face_trusty-control	face trusty	scrambled image	Assess face trustfulness vs  view scrambled image	['visual_face_recognition', 'facial_trustworthiness_recognition']
archi_emotional	expression_intention-control	expression intention	scrambled image	Guess intention from eyes image vs  view scrambled image	['emotion_expression_identification', 'facial_trustworthiness_recognition']
hcp_language	story-math	story	math	Listening to story vs mental additions	['auditory_sentence_recognition', 'story_comprehension', 'response_selection', 'response_execution']
hcp_language	math	mental addition	fixation	Mental additions	['auditory_arithmetic_processing', 'response_selection', 'response_execution']
hcp_language	math-story	math	story	Mental additions vs listening to story	['auditory_arithmetic_processing', 'response_selection', 'response_execution']
hcp_language	story	story	fixation	Listening to story	['auditory_sentence_recognition', 'story_comprehension', 'response_selection', 'response_execution']
hcp_social	mental-random	mental motion	random motion	Mental motion vs random motion	['animacy_perception', 'animacy_decision', 'motion_detection', 'response_selection', 'response_execution']
hcp_social	random	random motion	fixation	Random motion vs fixation	['motion_detection', 'response_selection', 'response_execution']
hcp_social	mental	mental motion	fixation	Mental motion vs fixation	['animacy_perception', 'animacy_decision', 'motion_detection', 'response_selection', 'response_execution']
hcp_gambling	punishment-reward	punishment	reward	Negative versus positive gambling outcome	['response_selection', 'response_execution', 'punishment_processing']
hcp_gambling	reward	reward	fixation	Gambling with positive outcome	['response_selection', 'response_execution', 'reward_processing']
hcp_gambling	punishment	punishment	fixation	negative gambling outcome	['response_selection', 'response_execution', 'punishment_processing']
hcp_gambling	reward-punishment	reward	punishment	positive versus Negative gambling outcome	['response_selection', 'response_execution', 'reward_processing']
hcp_motor	left_hand-avg	left hand	any motion	Move left hand vs right hand, feet and tongue	['response_execution', 'left_hand_response_execution']
hcp_motor	right_hand-avg	right hand	any motion	Move right hand vs left hand, feet and tongue	['response_execution', 'right_hand_response_execution']
hcp_motor	left_foot-avg	left foot	any motion	Move left foot vs right foot, hands and tongue	['response_execution', 'left_toe_response_execution']
hcp_motor	right_foot-avg	right foot	any motion	Move right foot vs left foot, hands and tongue	['response_execution', 'right_toe_response_execution']
hcp_motor	tongue-avg	tongue	any motion	Move tongue vs hands and feet	['response_execution', 'tongue_response_execution']
hcp_motor	left_hand	left hand	no motion	Move left hand	['response_execution', 'left_hand_response_execution']
hcp_motor	right_hand	right hand	no motion	Move right hand 	['response_execution', 'right_hand_response_execution']
hcp_motor	left_foot	left foot	no motion	Move left foot 	['response_execution', 'left_toe_response_execution']
hcp_motor	right_foot	right foot	no motion	Move right foot 	['response_execution', 'right_toe_response_execution']
hcp_motor	tongue	tongue	no motion	Move tongue	['response_execution', 'tongue_response_execution']
hcp_motor	cue	visual task cue	fixation	Motion cue of motion	['response_selection', 'working_memory']
hcp_emotion	shape	shape outline	fixation	Shape comparison	['visual_form_recognition', 'feature_comparison', 'response_selection', 'response_execution']
hcp_emotion	face-shape	face image	shape outline	Emotional face comparison vs shape comparison	['feature_comparison', 'emotional_face_recognition', 'response_selection', 'response_execution']
hcp_emotion	face	face image	fixation	Emotional face comparison	['feature_comparison', 'emotional_face_recognition', 'response_selection', 'response_execution']
hcp_emotion	shape-face	shape outline	fixation	Shape comparison vs emotional face comparison	['visual_form_recognition', 'feature_comparison', 'response_selection', 'response_execution']
hcp_relational	relational-match	relational processing	visual matching	Relational comparison vs matching	['visual_form_recognition', 'visual_pattern_recognition', 'feature_comparison', 'response_selection', 'response_execution', 'relational_comparison']
hcp_relational	match	visual matching	fixation	Visual feature matching vs fixation	['visual_form_recognition', 'visual_pattern_recognition', 'feature_comparison', 'response_selection', 'response_execution']
hcp_relational	relational	relational processing	fixation	Relational comparison vs fixation	['visual_form_recognition', 'visual_pattern_recognition', 'feature_comparison', 'response_selection', 'response_execution', 'relational_comparison']
hcp_wm	2back-0back	2-back	0-back	2-back vs 0-back	['tool_maintenance', 'body_maintenance', 'place_maintenance', 'face_maintenance', 'response_selection', 'response_execution', 'updating', 'working_memory']
hcp_wm	body-avg	body image	any image	Body image versus face, place, tool image	['visual_body_recognition', 'body_maintenance']
hcp_wm	face-avg	face image	any image	Face image versus body, place, tool image	['visual_face_recognition', 'face_maintenance']
hcp_wm	place-avg	place image	any image	Place image versus face, body, tool image	['visual_place_recognition', 'place_maintenance']
hcp_wm	tools-avg	tool image	any image	Tool image versus face, place, body image	['visual_tool_recognition', 'tool_maintenance']
hcp_wm	0back-2back	0-back	2-back	0-back vs 2-back	['response_selection', 'response_execution', 'updating']
hcp_wm	0back_body	0-back body image	fixation	Body image 0-back task  vs fixation	['visual_body_recognition', 'body_maintenance', 'response_execution', 'working_memory']
hcp_wm	2back_body	2-back body image	fixation	Body image 2-back task vs fixation	['visual_body_recognition', 'body_maintenance', 'response_execution', 'updating', 'working_memory']
hcp_wm	0back_face	0-back face image	fixation	Face image 0-back task vs fixation	['visual_face_recognition', 'face_maintenance', 'response_execution', 'working_memory']
hcp_wm	2back_face	2-back face image	fixation	Face image 2-back task vs fixation	['visual_face_recognition', 'face_maintenance', 'response_execution', 'updating', 'working_memory']
hcp_wm	0back_tools	0-back tool image	fixation	Tool image 0-back task vs fixation	['visual_tool_recognition', 'tool_maintenance', 'response_execution', 'working_memory']
hcp_wm	2back_tools	2-back tool image	fixation	Tool image 2-back task vs fixation	['visual_tool_recognition', 'tool_maintenance', 'response_execution', 'updating', 'working_memory']
hcp_wm	0back_place	0-back place image	fixation	Place image 0-back task vs fixation	['visual_place_recognition', 'place_maintenance', 'response_execution', 'working_memory']
hcp_wm	2back_place	2-back place image	fixation	Place image 2-back task vs fixation	['visual_place_recognition', 'place_maintenance', 'response_execution', 'updating', 'working_memory']
rsvp_language	complex-simple	complex sentence	simple sentence	Read sentence with complex vs simple syntax	['visual_word_recognition', 'syntactic_parsing', 'sentence_processing', 'word_maintenance', 'working_memory']
rsvp_language	sentence-jabberwocky	read sentence	read jabberwocky	Read sentence vs jabberwocky	['visual_word_recognition', 'syntactic_parsing', 'sentence_processing', 'word_maintenance', 'working_memory']
rsvp_language	sentence-word	read sentence	read words	Read sentence vs words	['visual_word_recognition', 'syntactic_parsing', 'sentence_processing', 'word_maintenance', 'working_memory']
rsvp_language	word-consonant_string	read words	consonant strings	Read words vs consonant strings	['visual_word_recognition', 'word_maintenance', 'working_memory']
rsvp_language	jabberwocky-pseudo	read jabberwocky	read pseudo words	Read jabberwocky vs pseudo words	['visual_pseudo_word_recognition', 'sentence_processing', 'working_memory']
rsvp_language	word-pseudo	read words	read pseudo words	Read words vs pseudo-words	['visual_word_recognition', 'word_maintenance', 'working_memory']
rsvp_language	pseudo-consonant_string	read pseudo words	consonant strings	Read pseudo words vs consonant strings	['visual_pseudo_word_recognition', 'working_memory']
rsvp_language	consonant_string	consonant strings	fixation	Read and encode consonant strings vs fixation	['visual_string_recognition', 'string_maintenance', 'working_memory']
rsvp_language	complex	complex sentence	fixation	Read sentence with complex  syntax vs fixation	['visual_word_recognition', 'syntactic_parsing', 'sentence_processing', 'word_maintenance', 'working_memory']
rsvp_language	simple	simple sentence	fixation	Read sentence with  simple syntax vs fixation	['visual_word_recognition', 'sentence_processing', 'word_maintenance', 'working_memory']
rsvp_language	jabberwocky	read jabberwocky	fixation	Read jabberwocky vs fixation	['visual_pseudo_word_recognition', 'sentence_processing', 'working_memory']
rsvp_language	word_list	read words	fixation	Read words vs fixation	['visual_word_recognition', 'word_maintenance', 'working_memory']
rsvp_language	pseudoword_list	read pseudo words	fixation	Read pseudo-words vs fixation	['visual_pseudo_word_recognition', 'working_memory']
rsvp_language	sentence-consonant_string	read sentence	consonant strings	Read sentence vs consonant strings	['visual_word_recognition', 'syntactic_parsing', 'sentence_processing', 'word_maintenance', 'working_memory']
rsvp_language	simple-consonant_string	simple sentence	consonant strings	Read simple sentence vs consonant strings	['visual_word_recognition', 'sentence_processing', 'word_maintenance', 'working_memory']
rsvp_language	complex-consonant_string	complex sentence	consonant strings	Read complex sentence vs consonant strings	['visual_word_recognition', 'syntactic_parsing', 'sentence_processing', 'word_maintenance', 'working_memory']
rsvp_language	sentence-pseudo	read sentence	read pseudo words	Read sentence vs pseudo-words	['visual_word_recognition', 'syntactic_parsing', 'sentence_processing', 'word_maintenance', 'working_memory']
rsvp_language	probe	probe	fixation	Word probe	['response_selection', 'response_execution']
rsvp_language	jabberwocky-consonant_string	consonant strings	read jabberwocky	Read jabberwocky vs consonant strings	['visual_pseudo_word_recognition', 'sentence_processing', 'working_memory']
mtt_we	we_average_reference	all references in we island	fixation	updating ones position in space and time in west-east island	['auditory_perception', 'memory_retrieval', ‘spatial_localization’, ‘cardinal-direction_judgment’, ‘temporal_cognition’]
mtt_we	we_all_space_cue	space cue on all references in we island	fixation	spatial cue of the next event in west-east island	['auditory_perception', 'semantic_categorization', 'cardinal_orientation']
mtt_we	we_all_time_cue	time cue on all references in we island	fixation	time cue of the next event in west-east island	['auditory_perception', 'semantic_categorization', 'time_orientation']
mtt_we	we_all_space-time_cue	space cue on all references in we island	time cue on all references in we island	spatial vs time cues in west-east island	['cardinal_orientation']
mtt_we	we_all_time-space_cue	time cue on all references in we island	space cue on all references in we island	time vs spatial cues in west-east island	['time_orientation']
mtt_we	we_average_event	events from all references in we island	fixation	figuring out the space or time of an event in west-east island	['auditory_perception', ‘spatial_working_memory’, ‘cardinal-direction_judgment’, ‘cardinal_orientation’, 'temporal_cognition', 'time_orientation', 'spatial_distance']
mtt_we	we_space_event	space events from all references in we island	fixation	figuring out the position of an event in west-east island	['auditory_perception', ‘spatial_working_memory’, ‘cardinal-direction_judgment’, ‘cardinal_orientation’, 'spatial_distance']
mtt_we	we_time_event	time events from all references in we island	fixation	figuring out the time of an event in west-east island	['auditory_perception', 'temporal_categorization', 'time_orientation', 'temporal_distance']
mtt_we	we_space-time_event	space events from all references in we island	time events from all references in we island	event in space vs event in time in west-east island	[‘spatial_working_memory’, ‘cardinal-direction_judgment’, 'cardinal_orientation', 'spatial_distance']
mtt_we	we_time-space_event	time events from all references in we island	space events from all references in we island	event in time vs event in space in west-east island	['temporal_categorization', ‘time_orientation’, 'temporal_distance']
mtt_we	we_westside_event	westside events	fixation	events occuring westside vs. fixation	['auditory_perception', ‘spatial_working_memory’, ‘west_cardinal-direction_judgment’, ‘cardinal_orientation’, 'spatial_distance']
mtt_we	we_eastside_event	eastside events	fixation	events occuring eastside vs. fixation	['auditory_perception', ‘spatial_working_memory’, ‘east_cardinal-direction_judgment’, ‘cardinal_orientation’, 'spatial_distance']
mtt_we	westside-eastside_event	westside events	eastside events	events occuring westside vs. eastside	[‘west_cardinal-direction_judgment’]
mtt_we	eastside-westside_event	eastside events	westside events	events occuring eastside vs. westside	[‘east_cardinal-direction_judgment’]
mtt_we	we_before_event	past events in we island	fixation	events occuring before vs. fixation in west-east island	['auditory_perception', 'temporal_categorization', 'past_time', 'temporal_distance', ‘west_cardinal-direction_judgment’, ‘east_cardinal-direction_judgment’]
mtt_we	we_after_event	future events in we island	fixation	events occuring after vs. fixation in west-east island	['auditory_perception', 'temporal_categorization', 'future_time', 'temporal_distance', ‘west_cardinal-direction_judgment’, ‘east_cardinal-direction_judgment’]
mtt_we	before-after_event	past events in we island	future events in we island	events occuring before vs. after in west-east island	[‘past_time']
mtt_we	after-before_event	future events in we island	past events in we island	events occuring after vs. before in west-east island	['future_time']
mtt_we	we_all_event_response	responses to events in we island	fixation	motor responses performed after all event condition in the west-east island	['response_selection', 'response_execution']
mtt_sn	sn_average_reference	all references in sn island	fixation	updating ones position in space and time in south-north island	['auditory_perception', 'memory_retrieval', ‘spatial_localization’, ‘cardinal-direction_judgment’, ‘temporal_cognition’]
mtt_sn	sn_all_space_cue	space cue on all references in sn island	fixation	spatial cue of the next event in south-north island	['auditory_perception', 'semantic_categorization', 'cardinal_orientation']
mtt_sn	sn_all_time_cue	time cue on all references in sn island	fixation	time cue of the next event in south-north island	['auditory_perception', 'semantic_categorization', 'time_orientation']
mtt_sn	sn_all_space-time_cue	space cue on all references in sn island	time cue on all references in sn island	spatial vs time cues in south-north island	['cardinal_orientation']
mtt_sn	sn_all_time-space_cue	time cue on all references in sn island	space cue on all references in sn island	time vs spatial cues in south-north island	['time_orientation']
mtt_sn	sn_average_event	events from all references in sn island	fixation	figuring out the space or time of an event in south-north island	['auditory_perception', ‘spatial_working_memory’, ‘cardinal-direction_judgment’, ‘cardinal_orientation’, 'temporal_cognition', 'time_orientation', 'spatial_distance']
mtt_sn	sn_space_event	space events from all references in sn island	fixation	figuring out the position of an event in south-north island	['auditory_perception', ‘spatial_working_memory’, ‘cardinal-direction_judgment’, ‘cardinal_orientation’, 'spatial_distance']
mtt_sn	sn_time_event	time events from all references in sn island	fixation	figuring out the time of an event in south-north island	['auditory_perception', 'temporal_categorization', 'time_orientation', 'temporal_distance']
mtt_sn	sn_space-time_event	space events from all references in sn island	time events from all references in sn island	event in space vs event in time in south-north island	[‘spatial_working_memory’, ‘cardinal-direction_judgment’, 'cardinal_orientation', 'spatial_distance']
mtt_sn	sn_time-space_event	time events from all references in sn island	space events from all references in sn island	event in time vs event in space in south-north island	['temporal_categorization', ‘time_orientation’, 'temporal_distance']
mtt_sn	sn_southside_event	southside events	fixation	events occuring southside vs. fixation	['auditory_perception', ‘spatial_working_memory’, ‘south_cardinal-direction_judgment’, ‘cardinal_orientation’, 'spatial_distance']
mtt_sn	sn_northside_event	northside events	fixation	events occuring northside vs. fixation	['auditory_perception', ‘spatial_working_memory’, ‘north_cardinal-direction_judgment’, ‘cardinal_orientation’, 'spatial_distance']
mtt_sn	southside-northside_event	southside events	northside events	events occuring southside vs. northside	[‘south_cardinal-direction_judgment’]
mtt_sn	northside-southside_event	northside events	southside events	events occuring northsife vs. southside	[‘north_cardinal-direction_judgment’]
mtt_sn	sn_before_event	past events in sn island	fixation	events occuring before vs. fixation in south-north island	['auditory_perception', 'temporal_categorization', 'past_time', 'temporal_distance', ‘south_cardinal-direction_judgment’, ‘north_cardinal-direction_judgment’]
mtt_sn	sn_after_event	future events in sn island	fixation	events occuring after vs. fixation in south-north island	['auditory_perception', 'temporal_categorization', 'future_time', 'temporal_distance', ‘south_cardinal-direction_judgment’, ‘north_cardinal-direction_judgment’]
mtt_sn	before-after_event	past events in sn island	future events in sn island	events occuring before vs. after in south-north island	[‘past_time']
mtt_sn	after-before_event	future events in sn island	past events in sn island	events occuring after vs. before in south-north island	['future_time']
mtt_sn	sn_all_event_response	responses to events in sn island	fixation	motor responses performed after all event condition in the south-north island	['response_selection', 'response_execution']
preference	preference_constant	visual evaluation	fixation	object perception and evaluation	['object_categorization', 'object_recognition', 'object_detection', 'judgment']
preference	preference_linear	visual preference	no preference	linear effect of preference	['reward_valuation', 'incentive_salience']
preference	preference_quadratic	confidence in preference	no confidence 	quadratic effect of preference	['confidence_judgment']
preference	food-others	food evaluation	other categories	evaluation of food vs. other categories	['food_cue_reactivity']
preference	painting-others	painting evaluation	other categories	evaluation of paintings vs. other categories	['visual_form_discrimination', 'visual_color_discrimination']
preference	face-others	face evaluation	other categories	evaluation of faces vs. other categories	['visual_face_recognition', 'face_perception', 'facial_attractiveness_recognition']
preference	house-others	house evaluation	other categories	evaluation of houses vs. other categories	['visual_place_recognition']
preference_food	food_constant	food evaluation	fixation	evaluation of food	['food_cue_reactivity', 'judgment']
preference_food	food_linear	food preference	fixation	linear effect of food preference	['food_cue_reactivity', 'reward_valuation', 'incentive_salience']
preference_food	food_quadratic	confidence in food preference	fixation	quadratic effect of food preference	['food_cue_reactivity', 'confidence_judgment']
preference_paintings	painting_constant	painting evaluation	fixation	evaluation of paintings	['visual_form_discrimination', 'visual_color_discrimination', 'judgment']
preference_paintings	painting_linear	painting preference	fixation	linear effect of paintings preference	['visual_form_discrimination', 'visual_color_discrimination', 'reward_valuation', 'incentive_salience']
preference_paintings	painting_quadratic	confidence in painting preference	fixation	quadratic effect of paintings preference	['visual_form_discrimination', 'visual_color_discrimination', 'confidence_judgment']
preference_faces	face_constant	face evaluation	fixation	evaluation of faces	['visual_face_recognition', 'face_perception', 'facial_attractiveness_recognition', 'judgment']
preference_faces	face_linear	face preference	fixation	linear effect of face preference	['visual_face_recognition', 'face_perception', 'facial_attractiveness_recognition', 'reward_valuation', 'incentive_salience']
preference_faces	face_quadratic	confidence in face preference	fixation	quadratic effect of face preference	['visual_face_recognition', 'face_perception', 'facial_attractiveness_recognition', 'confidence_judgment']
preference_houses	house_constant	house evaluation	fixation	evaluation of houses	['visual_place_recognition', 'judgment']
preference_houses	house_linear	house preference	fixation	linear effect of houses preference	['visual_place_recognition', 'reward_valuation', 'incentive_salience']
preference_houses	house_quadratic	confidence in house preference	fixation	quadratic effect of houses preference	['visual_place_recognition', 'confidence_judgment']
theory_of_mind	photo	fact judgments	fixation	Manipulation of fact judgments	['semantic_processing', 'reading', 'response_execution', 'response_selection', 'reasoning']
theory_of_mind	belief	belief judgments	fixation	Manipulation of belief judgments	['semantic_processing', 'reading', 'response_execution', 'response_selection', 'reasoning', 'theory-of-mind']
theory_of_mind	belief-photo	belief manipulation	fact judgments	belief vs factual judgments	['theory-of-mind']
emotional_pain	physical_pain	physical-pain story	fixation	reading physical pain story	['reading', 'response_execution', 'response_selection', 'empathy', 'imagined_physical_pain']
emotional_pain	emotional_pain	emotional-pain story	fixation	reading emotional pain story	['reading', 'response_execution', 'response_selection', 'empathy', 'imagined_emotional_pain', 'theory-of-mind']
emotional_pain	emotional-physical_pain	emotional-pain story	physical-pain story	emotional-physical pain story	['imagined_emotional_pain', 'theory-of-mind']
pain_movie	movie_pain	physical-pain movie	fixation	movie with physically painful events	['visual_attention', 'empathy', 'imagined_physical_pain']
pain_movie	movie_mental	mental-pain movie	fixation	movie with mentally painful events	['visual_attention', 'empathy', 'imagined_emotional_pain', 'theory-of-mind']
pain_movie	movie_mental-pain	mental-pain movie	physical-pain movie	mentally-physically painful movie	['imagined_emotional_pain', 'theory-of-mind']
vstm	vstm_constant	vstm response to constant numerosity	fixation	visual orientation	['visual_orientation', 'visual_form_discrimination', 'shape_recognition', 'short-term_memory', 'response_selection', 'response_execution']
vstm	vstm_linear	vstm response to numerosity	fixation	linear effect of numerosity in visual orientation	['visual_working_memory','numerosity']
vstm	vstm_quadratic	vstm response to numerosity interaction	fixation	quadratic effect of numerosity in visual orientation	['visual_buffer', 'numerosity']
enumeration	enumeration_constant	enumeration response to constant numerosity	fixation	enumeration	['enumeration', 'numerosity', 'shape_recognition', 'response_selection', 'response_execution']
enumeration	enumeration_linear	enumeration response to numerosity	fixation	linear effect of numerosity in enumeration	['visual_working_memory', 'numerosity']
enumeration	enumeration_quadratic	enumeration response to numerosity interaction	fixation	quadratic effect of numerosity in enumeration	['visual_buffer', 'numerosity']
self	instructions	instruction	fixation	read instruction in form of a question	['reading']
self	encode_self	self-reference encoding	fixation	encoding of adjectives processed with self-reference	['judgment', 'reading', 'response_selection', 'response_execution', 'self-reference_effect']
self	encode_other	other-reference encoding	fixation	encoding of adjectives processed with other-reference	['judgment', 'reading', 'response_selection', 'response_execution']
self	encode_self-other	self-reference encoding	other-reference encoding	self-reference effect	['self-reference_effect']
self	recognition_hit	memory retrieval	fixation	recognition of adjectives previously displayed	['recognition', 'episodic_memory', 'reading', 'response_selection', 'response_execution']
self	recognition_self_hit	self-reference recognition	fixation	recognition of adjectives previously displayed with self-reference	['recognition', 'reading', 'response_selection', 'response_execution', 'self-reference_effect']
self	recognition_other_hit	other-reference recognition	fixation	recognition of adjectives previously displayed with other-reference	['recognition', 'reading', 'response_selection', 'response_execution', 'other-reference_effect']
self	recognition_self-other	self-reference recognition	other-reference recognition	memory retrieval of encoded information with self-reference	['self-reference_effect']
self	correct_rejection	memory	fixation	identification of a new adjective	['memory, reading', 'response_selection', 'response_execution']
self	recognition_hit-correct_rejection	recognition	memory 	recognition of an adjective previously displayed	['recognition', 'episodic_memory']
self	false_alarm	no recognition	fixation	erroneous response	['response_selection', 'response_execution']
bang	talk-no_talk	speech	no speech	speech vs non-speech sections in movie watching	['speech_perception', 'speech_processing', 'language_processing', 'language_comprehension']
bang	talk	speech	fixation	speech sections in movie watching	['speech perception',  'speech processing', ' language comprehension', ' language processing',  'action perception', ' audiovisual perception', ' auditory scene analysis',  'social cognition']
bang	no_talk	no speech	fixation	non-speech section in movie watching	['action perception',  'audiovisual perception', 'auditory scene analysis', 'social cognition']
lyon_lec2	unattend	non-attended text	fixation	response to unattended text	['reading', 'inhibition']
lyon_lec2	attend-unattend	non-attended text	attended text	response to unattended vs attended text	['language_processing', 'language_comprehension', 'reading', 'word_maintenance', 'working_memory']
lyon_lec2	attend	attended text	fixation	response to attended text	['language_processing', 'language_comprehension', 'reading', 'word_maintenance', 'working_memory']
lyon_audi	tear	tear sound	silence	listen to tears	['auditory_perception', 'auditory_attention', 'sounds_perception', 'voice_perception', 'listening']
lyon_audi	suomi	unknown language	silence	listen to unknown language	['auditory_perception', 'auditory_attention', 'sounds_perception', 'voice_perception', 'listening', 'speech_perception', 'language_processing']
lyon_audi	yawn	yawning	silence	listen to yawning	['auditory_perception', 'auditory_attention', 'sounds_perception', 'voice_perception', 'listening']
lyon_audi	human	human sounds	silence	listen to human sounds	['auditory_perception', 'auditory_attention', 'sounds_perception', 'voice_perception', 'listening']
lyon_audi	silence	silence	silence	listen to silence	['auditory_attention']
lyon_audi	music	music	silence	listen to music	['auditory_perception', 'auditory_attention', 'sounds_perception', 'listening']
lyon_audi	reverse	reversed speech	silence	listen to reversed speech	['auditory_perception', 'auditory_attention', 'sounds_perception', 'voice_perception', 'listening', 'speech_perception', 'language_processing']
lyon_audi	speech	speech	silence	listen to speech	['auditory_perception', 'auditory_attention', 'sounds_perception', 'voice_perception', 'auditory_sentence_recognition', 'listening', 'speech_perception', 'speech_processing', 'language_processing', 'language_comprehension', 'semantic_processing']
lyon_audi	alphabet	letters sounds	silence	listen to letters	['auditory_perception', 'auditory_attention', 'sounds_perception', 'voice_perception', 'listening', 'speech_perception', 'speech_processing', 'language_processing', 'language_comprehension']
lyon_audi	cough	coughing	silence	listen to coughing	['auditory_perception', 'auditory_attention', 'sounds_perception', 'voice_perception', 'listening']
lyon_audi	environment	environment sounds	silence	listen to environment sounds	['auditory_perception', 'auditory_attention', 'sounds_perception', 'listening']
lyon_audi	laugh	laugh	silence	listen to laugh	['auditory_perception', 'auditory_attention', 'sounds_perception', 'voice_perception', 'listening']
lyon_audi	animals	animals	silence	listen to animals	['auditory_perception', 'auditory_attention', 'sounds_perception', 'listening']
lyon_audi	tear-silence	tear sound	silence	listen to tears	['auditory_perception', 'sounds_perception', 'voice_perception', 'listening']
lyon_audi	suomi-silence	unknown language	silence	listen to unknown language	['auditory_perception', 'sounds_perception', 'voice_perception', 'listening', 'speech_perception', 'language_processing']
lyon_audi	yawn-silence	yawning	silence	listen to yawning	['auditory_perception', 'sounds_perception', 'voice_perception', 'listening']
lyon_audi	human-silence	human sounds	silence	listen to human sounds	['auditory_perception', 'sounds_perception', 'voice_perception', 'listening']
lyon_audi	music-silence	music	silence	listen to music	['auditory_perception', 'sounds_perception', 'listening', 'music_perception']
lyon_audi	reverse-silence	reversed speech	silence	listen to reversed speech	['auditory_perception', 'sounds_perception', 'voice_perception', 'listening', 'speech_perception', 'language_processing']
lyon_audi	speech-silence	speech	silence	listen to speech	['auditory_perception', 'sounds_perception', 'voice_perception', 'auditory_sentence_recognition', 'listening', 'speech_perception', 'speech_processing', 'language_processing', 'language_comprehension', 'semantic_processing']
lyon_audi	alphabet-silence	letters sounds	silence	listen to letters	['auditory_perception', 'sounds_perception', 'voice_perception', 'listening', 'speech_perception', 'speech_processing', 'language_processing', 'language_comprehension']
lyon_audi	cough-silence	coughing	silence	listen to coughing	['auditory_perception', 'auditory_attention', 'sounds_perception', 'voice_perception', 'listening']
lyon_audi	environment-silence	environment sounds	silence	listen to environment sounds	['auditory_perception', 'sounds_perception', 'listening']
lyon_audi	laugh-silence	laugh	silence	listen to laugh	['auditory_perception', 'sounds_perception', 'voice_perception', 'listening']
lyon_audi	animals-silence	animals	silence	listen to animals	['auditory_perception', 'sounds_perception', 'listening']
lyon_visu	scrambled	scrambled image	fixation	view a scrambled image	['visual_perception']
lyon_visu	face-scrambled	face image	scrambled image	view a face image	['face_perception']
lyon_visu	characters-scrambled	characters image	scrambled image	view a characters	['visual_form_recognition', 'visual_word_recognition', 'reading']
lyon_visu	scene-scrambled	scene image	scrambled image	view a scene	['visual_place_recognition',  'object_recognition']
lyon_visu	house-scrambled	house image	scrambled image	view a house	['visual_place_recognition',  'object_recognition']
lyon_visu	animal-scrambled	animal image	scrambled image	view an animal	['object_recognition']
lyon_visu	pseudoword-scrambled	pseudoword image	scrambled image	view a pseudoword	['visual_form_recognition', 'visual_pseudo_word_recognition', 'reading']
lyon_visu	tool-scrambled	tool image	scrambled image	view a tool	['visual_tool_recognition', 'object_recognition']
lyon_lec1	random_string	random string	fixation	read a random string	['visual_string_recognition', 'reading', 'response_selection', 'response_execution]
lyon_lec1	word-pseudoword	word	pseudo-word	read a word vs a pseudo word	['language_comprehension', 'semantic_processing']
lyon_lec1	word-random_string	word	random string	read a word ws a random string	['visual_word_recognition', 'language_processing', 'language_comprehension', 'semantic_processing']
lyon_lec1	pseudoword-random_string	pseudo-word	random string	read a pseudoword vs a random string	['visual_word_recognition', 'language_processing', 'reading']
lyon_lec1	word	word	fixation	read a word 	['visual_word_recognition', 'language_processing', 'language_comprehension', 'semantic_processing',  'reading', 'response_selection', 'response_execution]
lyon_lec1	pseudoword	pseudo-word	fixation	read a pseudo word	['language_comprehension', 'semantic_processing', 'reading', 'response_selection', 'response_execution]
lyon_mveb	response	button press	wait	respond by button pressing	['response_selection', 'response_execution']
lyon_mveb	2_letters_different-same	maintain 2 letters	maintain 1 letter	Maintaining two letters versus one	['visual_attention', 'visual_working_memory', 'string_maintenance', 'working_memory']
lyon_mveb	4_letters_different-same	maintain 4 letters	maintain 1 letter	Maintaining four letters versus one	['visual_attention', 'visual_working_memory', 'string_maintenance', 'working_memory']
lyon_mveb	6_letters_different-same	maintain 6 letters	maintain 1 letter	Maintaining six letters versus one	['visual_attention', 'visual_working_memory', 'string_maintenance', 'working_memory', 'task_difficulty']
lyon_mveb	6_letters_different-2_letters_different	maintain 6 letters	maintain 2 letters	Maintaining six letters versus two	['visual_attention', 'visual_working_memory', 'string_maintenance', 'working_memory', 'task_difficulty']
lyon_mveb	2_letters_different	maintain 2 letters	fixation	Maintaining two letters	['visual_attention', 'visual_working_memory', 'string_maintenance']
lyon_mveb	4_letters_different	maintain 4 letters	fixation	Maintaining four letters	['visual_attention', 'visual_working_memory', 'string_maintenance', 'working_memory']
lyon_mveb	6_letters_different	maintain 6 letters	fixation	Maintaining six letters	['visual_attention', 'visual_working_memory', 'string_maintenance', 'working_memory', 'task_difficulty]
lyon_mveb	2_letters_same	maintain 1 letter	fixation	Maintaining one letter	['visual_attention', 'visual_working_memory', 'string_maintenance']
lyon_mveb	4_letters_same	maintain 1 letter	fixation	Maintaining one letter	['visual_attention', 'visual_working_memory', 'string_maintenance', 'working_memory']
lyon_mveb	6_letters_same	maintain 1 letter	fixation	Maintaining one letter	['visual_attention', 'visual_working_memory', 'string_maintenance', 'working_memory', 'task_difficulty]
lyon_mvis	response	button press	wait	press a button	['response_selection', 'response_execution']
lyon_mvis	2_dots-2_dots_control	maintain 2 positions	maintain 1 position	maintain position of two dots versus one	['visual_attention', 'visual_working_memory', 'working_memory', 'spatial_working_memory']
lyon_mvis	4_dots-4_dots_control	maintain 4 positions	maintain 1 position	maintain position of four dots versus one	['visual_attention', 'visual_working_memory', 'working_memory', 'spatial_working_memory']
lyon_mvis	6_dots-6_dots_control	maintain 6 positions	maintain 1 position	maintain position of six dots versus one	['visual_attention', 'visual_working_memory', 'working_memory', 'spatial_working_memory', 'task_difficulty']
lyon_mvis	6_dots-2_dots	maintain 6 positions	maintain 2 positions	maintain position of six dots versus two	['visual_attention', 'visual_working_memory', 'working_memory', 'spatial_working_memory', 'task_difficulty']
lyon_mvis	dots-control	maintain several positions	Maintain 1 position	maintain position of 2to 6 dots versus one	['visual_attention', 'visual_working_memory', 'working_memory', 'spatial_working_memory', 'task_difficulty']
lyon_moto	instructions	reading instructions	fixation	read instructions	['reading']
lyon_moto	fixation	fixation	idle	fixation	['central_fixation']
lyon_moto	finger_right-fixation	right finger	any motion	right finger tapping vs no movement	['response_selection', 'response_execution', 'right_finger_response_execution']
lyon_moto	finger_left-fixation	left finger	any motion	left finger tapping vs no movement	['response_selection', 'response_execution', 'left_finger_response_execution']
lyon_moto	foot_left-fixation	left foot	any motion	move left foot vs no movement	['response_selection', 'response_execution', 'left_toe_response_execution']
lyon_moto	foot_right-fixation	right foot	any motion	move right foot vs no movement	['response_selection', 'response_execution', 'right_toe_response_execution']
lyon_moto	hand_left-fixation	left hand	any motion	move left hand vs no movement	['response_selection', 'response_execution', 'left_hand_response_execution']
lyon_moto	hand_right-fixation	right hand	any motion	move right hand vs no movement	['response_selection', 'response_execution', 'right_hand_response_execution']
lyon_moto	saccade-fixation	saccade	any motion	saccade vs no movement	['response_selection', 'response_execution', 'saccadic_eye_movement']
lyon_moto	tongue-fixation	tongue	any motion	move tongue vs. no movement	['response_selection', 'response_execution', 'tongue_response_execution']
lyon_mcse	low-high_salience	low salience	high salience	looking for a low salience symbol	['response_selection', 'response_execution','visual_search', 'task_difficulty']
lyon_mcse	salience_left-right	left visual field	right visual field	looking for a symbol in left vs right visual field	['response_selection', 'response_execution', visual_search', 'spatial_localization']
lyon_mcse	high_salience_left	high salience left	fixation	looking for a salient symbol in left visual field	['response_selection', 'response_execution','visual_search', 'salience']
lyon_mcse	high_salience_right	high salience right	fixation	looking for a salient symbol in right visual field	['response_selection', 'response_execution','visual_search', 'salience']
lyon_mcse	low_salience_left	low salience left	fixation	looking for a symbol in left vs right visual field	['response_selection', 'response_execution','visual_search', 'task_difficulty']
lyon_mcse	low_salience_right	low salience right	fixation	looking for a symbol in left vs right visual field	['response_selection', 'response_execution','visual_search', 'task_difficulty']
lyon_mcse	low+high_salience	visual search	fixation	looking for a symbol	['response_selection', 'response_execution','visual_search', 'salience']
audio	animal-others	animal sound	other sounds	listen to animals vs other sounds	[ 'sounds_perception', 'listening']
audio	music-other	music	other sounds	listen to music vs other sounds	['sounds_perception', 'listening', 'music_perception']
audio	nature-others	nature sound	other sounds	listen to nature vs other sounds	['sounds_perception', 'listening']
audio	speech-others	speech	other sounds	listen to speech vs other sounds	['sounds_perception', 'voice_perception', 'listening', 'speech_perception', 'language_processing']
audio	tool-others	tool sound	other sounds	listen to tool vs other sounds	['sounds_perception', 'listening']
audio	voice-others	voice	other sounds	listen to voice vs other sounds 	['auditory_attention', 'sounds_perception', 'voice_perception', 'listening']
audio	mean-silence	sound	silence	listening to sounds vs silence	['auditory_perception', 'sounds_perception', 'listening']
audio	animal	animal sound	silence	listen to animals vs silence	['auditory_perception', 'sounds_perception', 'listening']
audio	music	music	silence	listen to music vs silence	['auditory_perception', 'sounds_perception', 'listening', 'music_perception']
audio	nature	nature sound	silence	listen to nature vs silence	['auditory_perception', 'sounds_perception', 'listening']
audio	speech	speech	silence	listen to speech vs silence	['auditory_perception', 'sounds_perception', 'voice_perception', 'listening', 'speech_perception', 'language_processing']
audio	tool	tool sound	silence	listen to tool vs silence	['auditory_perception', 'sounds_perception', 'listening']
audio	voice	voice	silence	listen to voice vs sounds 	['auditory_perception', 'auditory_attention', 'sounds_perception', 'voice_perception', 'listening']
attention	spatial_cue-double_cue	no cue	visual cue	cued vs uncued probe	['attentional_focusing',  'saccadic_eye_movement']
attention	spatial_cue	spatial cue	fixation	cued probe	['spatial_attention', 'attentional_focusing', 'saccadic_eye_movement']
attention	incongruent-congruent	ignore distractors	no distractors	ignore distractors vs no distractors	['selective_attention']
attention	double_incongruent-double_congruent	ignore distractors	no distractors	ignore distractors vs no distractors without spatial cue	['selective_attention']
attention	double_congruent	no spatial cue, no distractors	fixation	no spatial cue + no distractors in the probe	['spatial_attention', 'saccadic_eye_movement', 'response_selection', 'response_execution']
attention	double_incongruent	no spatial cue, distractors	fixation	no spatial cue + distractors in the probe	['spatial_attention', 'saccadic_eye_movement', 'selective_attention', 'response_selection', 'response_execution']
attention	double_cue	no spatial cue	fixation	cues appear in both possible location of the probe at the same time	['spatial_attention', 'response_selection', 'response_execution']
attention	spatial_incongruent-spatial_congruent	ignore distractors	no distractors	ignore distractors vs no distractors with spatial cue	['selective_attention']
attention	spatial_incongruent	spatial cue, distractors	fixation	cued probe with distractors in the probe	['spatial_attention', 'attentional_focusing', 'saccadic_eye_movement', 'selective_attention', 'response_selection', 'response_execution']
attention	spatial_congruent	spatial cue, no distractors	fixation	cued  probe, no distractors	['spatial_attention', 'attentional_focusing', 'saccadic_eye_mocement', 'response_selection', 'response_execution']
stop_signal	go	shape recognition	fixation	shape recognition	['shape_recognition', 'proactive_control', 'response_selection', 'response_execution']
stop_signal	stop	response stop	fixation	shape recognition, stopped response	['shape_recognition', 'proactive_control', 'response_inhibition', 'response_selection', 'response_execution']
stop_signal	stop-go	response stop	response	response inhibition	['response_inhibition', 'shape_perception']
two_by_two	task_stay_cue_stay	task repetition	fixation	both task and cue repeats	['visual_perception', 'response_selection', 'response_execution']
two_by_two	task_switch_cue_switch	task switch	fixation	both task and cue switch	['visual_perception', 'response_selection', 'response_execution', 'task_switch', 'cue_switch']
two_by_two	task_switch_cue_stay	task switch	fixation	both task and cue switch	['visual_perception', 'response_selection', 'response_execution', 'task_switch', 'cue_switch']
two_by_two	task_stay_cue_switch	cue switch	fixation	task repeats, cue switch	['visual_perception', 'response_selection', 'response_execution', 'cue_switch']
two_by_two	task_switch-stay	task stak	task switch	effect of task switch	['task_switch']
two_by_two	cue_switch-stay	cue stay	cue switch	effect of cue switch	['cue_switch']
discount	delay	fast reward	delayed reward	effect of delay on reward 	['response_conflict', 'selective_control']
discount	amount	smaller reward	greater reward	effect of reward gain	['incentive salience', 'selective_control']
selective_stop_signal	go	response	fixation	respond with the correct finger depending on the image displayed	['shape_recognition', 'proactive_control', 'response_selection', 'response_execution']
selective_stop_signal	stop	response stop	fixation	stop the response if the stop signal appears	['shape_recognition', 'proactive_control', 'response_inhibition', 'response_selection', 'response_execution']
selective_stop_signal	ignore	ignore stop signal	fixation	respond anyway even if the stop signal appears	['shape_recognition', 'proactive_control', 'response_conflict', 'response_selection', 'response_execution']
selective_stop_signal	ignore-stop	ignore stop signal	response stop	ignore stop signal	['response_conflict']
selective_stop_signal	stop-go	response stop	response	inhibit the motor response	['response_inhibition', 'shape_perception']
selective_stop_signal	ignore-go	ignore stop signal	response	ignore stop signal vs simply respond	['response_conflict' , 'shape_perception']
selective_stop_signal	stop-ignore	response stop	ignore stop signal	inhibit motor response vs ignore stop signal	['response_inhibition', 'shape_perception']
stroop	congruent	automatic response	fixation	word and word color are the same	['visual_perception', 'proactive_control', 'response_selection', 'response_execution']
stroop	incongruent	conflictive response	fixation	word and color are not the same	['visual_perception', 'proactive_control', 'response_selection', 'response_execution', 'conflict_detection']
stroop	incongruent-congruent	conflictive response	automatic response	conflict between automatic and instructed response	['conflict_detection']
columbia_cards	num_loss_cards	low risk	high risk	probability of losing	['risk_aversion', 'risk_processing']
columbia_cards	loss	small loss	large loss	expected loss	['risk_aversion', 'risk_processing']
columbia_cards	gain	small gain	large gain	expected gain	['reward_processing']
dot_patterns	cue	cue perception	fixation	attend to cue	['shape_recognition', 'response_selection']
dot_patterns	correct_cue_correct_probe	response	fixation	both cue and probe are correct (AX)	['shape_recognition', 'proactive_control', 'response_selection', 'response_execution']
dot_patterns	correct_cue_incorrect_probe	response	fixation	the cue is correct, but the probe is not (AY)	['shape_recognition', 'proactive_control', 'response_selection', 'response_execution']
dot_patterns	incorrect_cue_correct_probe	attend 	fixation	cue is incorrect but probe is correct (BX)	['shape_recognition', 'response_selection', 'response_execution']
dot_patterns	incorrect_cue_incorrect_probe	attend 	fixation	both cue and probe are incorrect (BY)	['shape_recognition', 'response_selection', 'response_execution']
dot_patterns	correct_cue_incorrect_probe-correct_cue_correct_probe	response	response	incorrect vs correct probe with correct cue	['shape_recognition', 'response_selection']
dot_patterns	incorrect_cue_incorrect_probe-incorrect_cue_correct_probe	attend 	attend 	shape recognition	['shape_recognition', 'response_selection']
dot_patterns	correct_cue_incorrect_probe-incorrect_cue_correct_probe	response	attend 	effect of cognitive control	['proactive_control ']
dot_patterns	incorrect_cue_incorrect_probe-correct_cue_incorrect_probe	attend 	reponse	effect of cognitive control	['proactive_control ']
dot_patterns	incorrect_cue-correct_cue	vigilance	non vigilance	effect of cognitive control	['proactive_control ']
dot_patterns	incorrect_probe-correct_probe	response	response	shape recognition	['shape_recognition', 'response_selection']
tower-task	ambiguous_intermediate	solve complex task	fixation	complex goal hierarchy + complex search depth	['visual_perception', 'response_selection', 'response_execution', 'planning', 'goal_hierarchy', 'search_depth', 'working_memory']
tower-task	unambiguous_direct	solve simple task	fixation	simple goal hierarchy + simple search depth	['visual_perception', 'response_selection', 'response_execution', 'planning']
tower-task	intermediate-direct	solve complex depth	solve simple depth	effect of search depth	['search_depth', 'working_memory']
tower-task	ambiguous_direct	solve complex hierarchy	fixation	complex goal hierarchy + simple search depth	['visual_perception', 'response_selection', 'response_execution', 'planning', 'goal_hierarchy']
tower-task	unambiguous_intermediate	solve complex depth	fixation	simple goal hierarchy + complex search depth	['visual_perception', 'response_selection', 'response_execution', 'planning', 'search_depth', 'working_memory']
tower-task	ambiguous-unambiguous	solve complex hierarchy	solve simple hierarchy	effect of goal hierarchy	['goal_hierarchy']
wedge	lower_meridian				[' ']
wedge	upper_meridian				[' ']
wedge	lower_right				[' ']
wedge	upper_left				[' ']
wedge	right_meridian				[' ']
wedge	left_meridian				[' ']
wedge	upper_right				[' ']
wedge	lower_left				[' ']
ring	foveal				[' ']
ring	middle				[' ']
ring	peripheral				[' ']
